timestamp,hour,day_of_week,temperature,rain,traffic_index,taxi_demand
2026-02-12 00:00:00,0,3,25.10648464789186,0,63.03571255194539,71
2026-02-12 01:00:00,1,3,33.02853334589264,1,54.92420786745341,77
2026-02-12 02:00:00,2,3,30.344579852104914,0,67.86828088046435,74
2026-02-12 03:00:00,3,3,28.09009496018637,0,71.86197598735839,76
2026-02-12 04:00:00,4,3,25.704258052112003,1,47.413284304236015,70
2026-02-12 05:00:00,5,3,26.123562194203256,1,48.50650189591012,67
2026-02-12 06:00:00,6,3,37.199248383143704,0,43.16305613911015,67
2026-02-12 07:00:00,7,3,29.00273127582993,0,78.00236840110763,104
2026-02-12 08:00:00,8,3,32.12852000612584,0,61.829975257421026,97
2026-02-12 09:00:00,9,3,25.836402473329787,0,24.993383972484338,84
2026-02-12 10:00:00,10,3,25.880588215113445,0,71.7775773987811,80
2026-02-12 11:00:00,11,3,33.32793923699977,0,48.83359645017609,66
2026-02-12 12:00:00,12,3,23.60169515379387,0,24.12523438534925,63
2026-02-12 13:00:00,13,3,27.339144928378914,0,52.983035309798666,64
2026-02-12 14:00:00,14,3,29.13610964428893,0,45.02985673854212,63
2026-02-12 15:00:00,15,3,29.44549040736021,0,72.66496429175749,74
2026-02-12 16:00:00,16,3,28.283626859935374,0,32.23967621656324,68
2026-02-12 17:00:00,17,3,30.583279124383694,0,69.58787656953098,107
2026-02-12 18:00:00,18,3,31.771423023271247,0,53.461321471127164,98
2026-02-12 19:00:00,19,3,31.93855018183732,0,23.276618192808144,89
2026-02-12 20:00:00,20,3,25.056784765328693,0,78.31071807952908,101
2026-02-12 21:00:00,21,3,27.863379608284813,0,50.756914646191994,72
2026-02-12 22:00:00,22,3,33.779051447507754,1,37.45261125389495,69
2026-02-12 23:00:00,23,3,32.57858875029549,0,48.164410519355485,73
2026-02-13 00:00:00,0,4,23.508562194075743,1,71.47146701104934,83
2026-02-13 01:00:00,1,4,30.405919601408808,0,38.29418746310381,63
2026-02-13 02:00:00,2,4,21.087099002500757,0,31.56058378920202,65
2026-02-13 03:00:00,3,4,29.18773960824148,1,27.744274815852886,70
2026-02-13 04:00:00,4,4,36.59106806698391,0,37.87156390341268,61
2026-02-13 05:00:00,5,4,25.208429130924056,0,66.80288522240261,76
2026-02-13 06:00:00,6,4,25.66270781803367,0,48.2975819117157,64
2026-02-13 07:00:00,7,4,32.056119126291435,0,33.6488962216124,70
2026-02-13 08:00:00,8,4,22.828793939161415,0,29.971099976584952,82
2026-02-13 09:00:00,9,4,26.468979880459845,0,39.96376859062275,89
2026-02-13 10:00:00,10,4,31.38576455032701,0,76.39546237314252,81
2026-02-13 11:00:00,11,4,26.462856609242387,0,40.58160275540146,56
2026-02-13 12:00:00,12,4,28.056120051156114,1,79.28744455727812,84
2026-02-13 13:00:00,13,4,31.976742841260137,0,49.11382734592137,58
2026-02-13 14:00:00,14,4,30.686184334146244,0,30.749835097409054,69
2026-02-13 15:00:00,15,4,30.067273585181606,1,73.46840550761056,78
2026-02-13 16:00:00,16,4,27.643510882919845,0,47.62132238808961,75
2026-02-13 17:00:00,17,4,30.48024446107582,0,62.580280610271465,104
2026-02-13 18:00:00,18,4,28.505069279600974,0,79.0226949925491,102
2026-02-13 19:00:00,19,4,30.83122243970314,0,23.01052101919844,78
2026-02-13 20:00:00,20,4,27.012271899528088,0,25.80167358725403,87
2026-02-13 21:00:00,21,4,28.269724102481835,0,63.22740448776537,71
2026-02-13 22:00:00,22,4,25.040168829791945,1,36.90950019772832,70
2026-02-13 23:00:00,23,4,28.859969559975056,0,31.058083817005944,60
2026-02-14 00:00:00,0,5,25.75599654548462,0,22.36171278918377,50
2026-02-14 01:00:00,1,5,24.543814199352028,0,21.31080271917211,47
2026-02-14 02:00:00,2,5,30.034644591421554,0,66.46913618718744,77
2026-02-14 03:00:00,3,5,29.85095910343064,1,28.066005642173,63
2026-02-14 04:00:00,4,5,32.13149493979429,0,48.06323695826905,66
2026-02-14 05:00:00,5,5,27.275497721699605,0,56.35380891076898,76
2026-02-14 06:00:00,6,5,30.632211387347024,1,45.701108034130776,79
2026-02-14 07:00:00,7,5,31.203190289094653,0,21.626399140173987,77
2026-02-14 08:00:00,8,5,30.77909523132638,0,67.01009015527453,95
2026-02-14 09:00:00,9,5,25.697385268791432,0,20.63079347249921,80
2026-02-14 10:00:00,10,5,29.597453929084757,1,65.71339366264904,74
2026-02-14 11:00:00,11,5,30.456561184218646,0,73.59826962728737,80
2026-02-14 12:00:00,12,5,29.02871386763177,1,45.97039526343033,76
2026-02-14 13:00:00,13,5,20.654089366515663,0,52.13254838586789,74
2026-02-14 14:00:00,14,5,29.64195849589392,0,48.61900355705923,59
2026-02-14 15:00:00,15,5,37.850124157588965,1,43.35251711740633,68
2026-02-14 16:00:00,16,5,27.55984292497207,0,73.24547212222161,74
2026-02-14 17:00:00,17,5,26.087691608578716,0,73.63601064019943,104
2026-02-14 18:00:00,18,5,30.493394238845593,0,40.14898187849207,93
2026-02-14 19:00:00,19,5,30.249512841866288,0,56.90418524088188,105
2026-02-14 20:00:00,20,5,33.770940661665655,0,75.61445372875184,102
2026-02-14 21:00:00,21,5,23.96852737636445,0,77.7235099364811,78
2026-02-14 22:00:00,22,5,31.92552101029997,0,50.537542425322854,75
2026-02-14 23:00:00,23,5,31.361688245005855,0,47.1694883170596,70
2026-02-15 00:00:00,0,6,28.431413852237817,0,36.72165895571155,71
2026-02-15 01:00:00,1,6,30.35474927168676,0,77.5323123914246,82
2026-02-15 02:00:00,2,6,33.117829926393426,0,28.56885826837204,55
2026-02-15 03:00:00,3,6,32.4892615201138,1,54.7897745628635,70
2026-02-15 04:00:00,4,6,24.427922751705086,0,36.95301605111833,57
2026-02-15 05:00:00,5,6,32.28063274702194,0,36.7404974208678,68
2026-02-15 06:00:00,6,6,28.741245579869926,1,44.298115242571306,78
2026-02-15 07:00:00,7,6,29.29149639206206,0,79.92757614893927,111
2026-02-15 08:00:00,8,6,29.292787964006777,1,23.297978410389323,88
2026-02-15 09:00:00,9,6,28.39902804480696,0,54.71250909221189,97
2026-02-15 10:00:00,10,6,33.766829988428256,0,24.95432948211663,57
2026-02-15 11:00:00,11,6,28.665128160603153,0,29.27124979943114,55
2026-02-15 12:00:00,12,6,24.521815486467325,0,46.37377650637392,72
2026-02-15 13:00:00,13,6,27.425880576121084,0,50.62760788078648,72
2026-02-15 14:00:00,14,6,29.714778867241904,0,35.52754450187144,64
2026-02-15 15:00:00,15,6,33.916859137188204,0,38.987427852464975,67
2026-02-15 16:00:00,16,6,31.412378739795333,0,25.218021215355982,61
2026-02-15 17:00:00,17,6,25.597858885011824,0,38.19318703065503,96
2026-02-15 18:00:00,18,6,38.940759666715564,0,77.99350636283265,112
2026-02-15 19:00:00,19,6,30.05910124391192,0,76.6824429003489,108
2026-02-15 20:00:00,20,6,34.10156295199606,0,40.092697408219095,95
2026-02-15 21:00:00,21,6,28.393142265691083,1,54.2512361767257,79
2026-02-15 22:00:00,22,6,31.1334369788218,0,74.57572346665665,77
2026-02-15 23:00:00,23,6,32.357874018073616,1,20.3710293584538,66
2026-02-16 00:00:00,0,0,33.872778847017024,0,68.64101422025551,70
2026-02-16 01:00:00,1,0,33.2294732215129,0,76.90217316733515,86
2026-02-16 02:00:00,2,0,32.48878800029191,0,25.479544060013424,54
2026-02-16 03:00:00,3,0,27.739653075223565,0,29.686861161975262,63
2026-02-16 04:00:00,4,0,26.713015832175756,0,77.64477816628133,76
2026-02-16 05:00:00,5,0,30.33043004129679,0,52.25240861842078,73
2026-02-16 06:00:00,6,0,32.73251228936428,0,20.851798068303424,58
2026-02-16 07:00:00,7,0,28.10911719689357,0,35.45791992581175,76
2026-02-16 08:00:00,8,0,33.260687862857544,0,46.99662045613158,90
2026-02-16 09:00:00,9,0,34.810466981944714,0,61.57453466148606,91
2026-02-16 10:00:00,10,0,25.33471632370632,0,63.98962268820797,80
2026-02-16 11:00:00,11,0,25.65231718481488,1,79.72529077552737,86
2026-02-16 12:00:00,12,0,28.438499764378655,0,37.25067196302554,66
2026-02-16 13:00:00,13,0,30.230450672756785,0,52.293206112108514,66
2026-02-16 14:00:00,14,0,26.901731944931797,0,51.9994128715763,67
2026-02-16 15:00:00,15,0,34.408810715468576,0,44.33871556683425,65
2026-02-16 16:00:00,16,0,30.696267446073804,0,30.14971363054521,66
2026-02-16 17:00:00,17,0,29.157788192962958,0,78.64739379103055,114
2026-02-16 18:00:00,18,0,23.25636190452589,0,71.19903119999516,99
2026-02-16 19:00:00,19,0,23.73673673428997,0,49.89998169765423,100
2026-02-16 20:00:00,20,0,30.124037001127224,1,56.19472536104179,91
2026-02-16 21:00:00,21,0,20.469617495380653,1,33.63566321357974,62
2026-02-16 22:00:00,22,0,33.050549638576285,0,52.62722422350481,66
2026-02-16 23:00:00,23,0,28.36738462251072,0,61.69820798728855,67
2026-02-17 00:00:00,0,1,41.97237187837894,0,50.910021703195326,62
2026-02-17 01:00:00,1,1,38.23166500246444,0,79.41711023509647,83
2026-02-17 02:00:00,2,1,28.274203723009933,0,56.68049937486357,71
2026-02-17 03:00:00,3,1,28.57465198987474,0,42.25842275553014,68
2026-02-17 04:00:00,4,1,32.98232605600812,1,66.32912165695029,84
2026-02-17 05:00:00,5,1,35.81269043967215,0,30.227750694898525,63
2026-02-17 06:00:00,6,1,22.447883770255935,0,43.070948822375996,70
2026-02-17 07:00:00,7,1,21.854498138581253,0,40.81753702265515,85
2026-02-17 08:00:00,8,1,26.511860777782474,0,45.90842570646664,82
2026-02-17 09:00:00,9,1,31.33095033269546,0,66.90678955572358,102
2026-02-17 10:00:00,10,1,30.98749436203039,1,49.050381929804445,71
2026-02-17 11:00:00,11,1,33.2790858199354,0,67.64086701595777,72
2026-02-17 12:00:00,12,1,24.201209886538766,0,54.58933418839195,70
2026-02-17 13:00:00,13,1,19.73542454812449,0,40.52416607945332,61
2026-02-17 14:00:00,14,1,32.43205678120858,0,68.59872462100834,75
2026-02-17 15:00:00,15,1,25.68721490813906,0,34.29738023318549,65
2026-02-17 16:00:00,16,1,20.92604854244545,0,33.46297878798773,65
2026-02-17 17:00:00,17,1,29.580254983837527,0,50.27017544329014,90
2026-02-17 18:00:00,18,1,32.17270275287471,1,35.65095475772534,91
2026-02-17 19:00:00,19,1,28.51177147151489,0,20.54522209707298,88
2026-02-17 20:00:00,20,1,27.168606455270044,0,58.89785163792809,101
2026-02-17 21:00:00,21,1,28.362551071416373,0,50.66562928834388,80
2026-02-17 22:00:00,22,1,27.517668950396867,0,46.73106886958967,74
2026-02-17 23:00:00,23,1,23.607811552239333,0,78.01811087709892,86
2026-02-18 00:00:00,0,2,26.14127729203827,0,54.27195103777482,64
2026-02-18 01:00:00,1,2,31.08511962005526,0,71.80589466736308,82
2026-02-18 02:00:00,2,2,30.286714165506,0,28.36701417230961,61
2026-02-18 03:00:00,3,2,29.67223922386728,0,54.15238778776566,68
2026-02-18 04:00:00,4,2,25.01940607258648,1,72.07877760385418,84
2026-02-18 05:00:00,5,2,28.273987351457333,0,54.98634543679388,76
2026-02-18 06:00:00,6,2,20.29173981422858,0,63.08085068762009,77
2026-02-18 07:00:00,7,2,29.71390665554156,0,42.32261406873244,82
2026-02-18 08:00:00,8,2,34.71543083125427,1,25.546971022223996,88
2026-02-18 09:00:00,9,2,23.103471471831575,0,47.474017707624284,85
2026-02-18 10:00:00,10,2,26.65628930672898,0,43.668763450331454,68
2026-02-18 11:00:00,11,2,30.31642711484052,0,72.02361094273684,77
2026-02-18 12:00:00,12,2,34.01137053770994,0,34.639718141148336,62
2026-02-18 13:00:00,13,2,27.207101534799403,0,78.00405365210648,85
2026-02-18 14:00:00,14,2,26.230998682936416,0,77.48828718826977,75
2026-02-18 15:00:00,15,2,21.12430743033567,0,34.85789858428632,73
2026-02-18 16:00:00,16,2,29.413752517232425,0,40.88311732863923,57
2026-02-18 17:00:00,17,2,37.168304160574976,0,73.7333444524331,101
2026-02-18 18:00:00,18,2,30.109433847858703,0,77.99733325376644,108
2026-02-18 19:00:00,19,2,28.910884083265145,0,46.60634617016264,96
2026-02-18 20:00:00,20,2,30.288329243067942,0,39.25982273845387,90
2026-02-18 21:00:00,21,2,28.955631984205592,1,51.56564079509252,75
2026-02-18 22:00:00,22,2,25.74794251095948,1,61.26615238194409,81
2026-02-18 23:00:00,23,2,32.29311966271082,1,36.408470922498786,68
2026-02-19 00:00:00,0,3,29.903046092447017,0,64.18839047714437,82
2026-02-19 01:00:00,1,3,29.070453007734628,0,23.099441426878464,63
2026-02-19 02:00:00,2,3,25.098535890887,0,22.957669565864986,63
2026-02-19 03:00:00,3,3,34.214031727739034,0,43.177262308732715,62
2026-02-19 04:00:00,4,3,31.65881098133244,0,41.208391523643236,66
2026-02-19 05:00:00,5,3,26.788316650530792,0,38.93799292202914,64
2026-02-19 06:00:00,6,3,33.00729941472775,0,49.4611857601346,64
2026-02-19 07:00:00,7,3,27.00971664645917,0,39.24401493869428,87
2026-02-19 08:00:00,8,3,25.871986029955853,0,31.535475108085514,79
2026-02-19 09:00:00,9,3,25.961187530078853,1,38.56817294531605,93
2026-02-19 10:00:00,10,3,21.915725787647634,0,78.49425636861409,76
2026-02-19 11:00:00,11,3,30.886169521672823,0,44.66680501969091,76
2026-02-19 12:00:00,12,3,21.6754204866466,1,46.68276661150014,69
2026-02-19 13:00:00,13,3,24.08622467493695,0,54.5926993970684,72
2026-02-19 14:00:00,14,3,20.697647963685867,0,79.0004461048536,85
2026-02-19 15:00:00,15,3,28.655721228836427,0,34.49607658614578,60
2026-02-19 16:00:00,16,3,28.398718158912512,0,60.87692663194603,78
2026-02-19 17:00:00,17,3,27.693215147254545,1,62.95908161250345,99
2026-02-19 18:00:00,18,3,24.829689221317693,0,56.439465007583955,104
2026-02-19 19:00:00,19,3,24.31106498625344,0,25.314700378198644,85
2026-02-19 20:00:00,20,3,30.857479454186297,0,60.612336549654586,96
2026-02-19 21:00:00,21,3,26.79779227316605,0,23.84568266217053,58
2026-02-19 22:00:00,22,3,30.265433286144578,1,55.768558972993816,81
2026-02-19 23:00:00,23,3,25.45900525550311,0,64.37487063330457,72
2026-02-20 00:00:00,0,4,29.72425097108433,0,32.65819343719703,59
2026-02-20 01:00:00,1,4,34.213112149264255,0,70.49732045256644,77
2026-02-20 02:00:00,2,4,31.344663201571134,0,21.821228331980254,52
2026-02-20 03:00:00,3,4,27.35034472713408,1,70.62877181949837,92
2026-02-20 04:00:00,4,4,30.028795881423708,0,47.6197430385659,66
2026-02-20 05:00:00,5,4,28.037339301879147,0,33.05527639589867,67
2026-02-20 06:00:00,6,4,29.031520738778912,0,28.02668869963808,62
2026-02-20 07:00:00,7,4,27.697555791405986,0,77.19843005494235,95
2026-02-20 08:00:00,8,4,28.342659176458437,0,24.359935254869402,79
2026-02-20 09:00:00,9,4,29.848373412296702,1,31.94560519615554,91
2026-02-20 10:00:00,10,4,25.0265652016722,0,40.86934084598276,65
2026-02-20 11:00:00,11,4,24.936484692040086,1,57.21409093766723,83
2026-02-20 12:00:00,12,4,23.445829784675155,0,52.6880651165659,76
2026-02-20 13:00:00,13,4,22.59891558198516,0,27.53860954473884,65
2026-02-20 14:00:00,14,4,24.130869231118083,0,37.383679024292874,62
2026-02-20 15:00:00,15,4,29.637850027216516,0,34.325106265161445,58
2026-02-20 16:00:00,16,4,25.428849938032464,1,32.81257126942048,65
2026-02-20 17:00:00,17,4,31.054457856924387,0,44.66866018879922,93
2026-02-20 18:00:00,18,4,29.13885499501025,0,62.24188715549941,102
2026-02-20 19:00:00,19,4,21.125983146247783,0,33.047175933034154,77
2026-02-20 20:00:00,20,4,31.61990233688676,0,42.000732782178886,91
2026-02-20 21:00:00,21,4,32.24319458236684,0,43.45504561046974,68
2026-02-20 22:00:00,22,4,25.02454930066059,0,78.58739176612461,80
2026-02-20 23:00:00,23,4,30.680766171579968,0,77.27998141274414,87
2026-02-21 00:00:00,0,5,25.574007050363203,0,68.00825496512456,79
2026-02-21 01:00:00,1,5,29.390681506993342,0,34.49953524915111,70
2026-02-21 02:00:00,2,5,23.94200637218014,0,24.082238845500182,58
2026-02-21 03:00:00,3,5,21.827574189861693,0,39.014248263237484,70
2026-02-21 04:00:00,4,5,27.468731241548124,0,36.00767296602985,72
2026-02-21 05:00:00,5,5,28.505084214900656,1,50.35554800878363,81
2026-02-21 06:00:00,6,5,27.409281225541584,0,66.66367460406758,71
2026-02-21 07:00:00,7,5,24.26387776710976,0,71.49937633273149,97
2026-02-21 08:00:00,8,5,27.40040375147545,0,70.6918451246305,96
2026-02-21 09:00:00,9,5,30.077179010322936,0,41.58053367338407,89
2026-02-21 10:00:00,10,5,28.82042787950985,0,61.23406060764098,77
2026-02-21 11:00:00,11,5,29.730004122396853,0,38.7700518514532,61
2026-02-21 12:00:00,12,5,26.31953919818307,0,23.65433259411096,59
2026-02-21 13:00:00,13,5,33.68687165886464,0,62.093915936176536,64
2026-02-21 14:00:00,14,5,24.295306653780877,0,20.58965315418727,65
2026-02-21 15:00:00,15,5,30.950241188346876,1,44.550955247509314,70
2026-02-21 16:00:00,16,5,33.72756437183985,1,39.762756158124546,71
2026-02-21 17:00:00,17,5,30.92363237099558,0,61.602652311131145,98
2026-02-21 18:00:00,18,5,28.18990309174068,0,65.97472836562274,107
2026-02-21 19:00:00,19,5,26.886811813348082,1,38.24567815827703,81
2026-02-21 20:00:00,20,5,33.14435060418502,0,68.69762086669121,102
2026-02-21 21:00:00,21,5,23.308100298953306,1,37.63500563029602,69
2026-02-21 22:00:00,22,5,25.119502958481426,0,46.779581599193676,66
2026-02-21 23:00:00,23,5,27.409768938033114,1,63.62111162084803,89
2026-02-22 00:00:00,0,6,33.95061503004799,0,61.57521375348731,70
2026-02-22 01:00:00,1,6,30.519070544163583,1,79.24210833873201,90
2026-02-22 02:00:00,2,6,25.12781696595902,0,33.50966145295591,65
2026-02-22 03:00:00,3,6,27.758769178460387,0,59.739074812374945,80
2026-02-22 04:00:00,4,6,26.54270742361482,1,56.58091449654664,74
2026-02-22 05:00:00,5,6,26.16084403106586,0,74.9059072694018,76
2026-02-22 06:00:00,6,6,32.91555823422712,0,29.381728498692503,67
2026-02-22 07:00:00,7,6,23.51302748294598,0,65.10788981521597,98
2026-02-22 08:00:00,8,6,35.435123422937494,0,54.0961169761261,83
2026-02-22 09:00:00,9,6,32.31291876073849,1,36.47995218727432,86
2026-02-22 10:00:00,10,6,33.36344668241479,0,48.466094848830444,71
2026-02-22 11:00:00,11,6,27.148241951898967,0,40.026595824187865,70
2026-02-22 12:00:00,12,6,28.400237123683564,0,54.75880416730765,68
2026-02-22 13:00:00,13,6,23.26739274190115,0,73.34003664887996,64
2026-02-22 14:00:00,14,6,26.90135037173279,0,54.15829906473212,74
2026-02-22 15:00:00,15,6,30.974619390572602,0,57.90334509959504,67
2026-02-22 16:00:00,16,6,34.184252247125585,0,51.12487082688257,60
2026-02-22 17:00:00,17,6,24.571372732790195,1,23.069930386728554,75
2026-02-22 18:00:00,18,6,27.537976252058936,0,33.971513412565656,92
2026-02-22 19:00:00,19,6,28.39480311906991,0,49.520103765924965,95
2026-02-22 20:00:00,20,6,23.416843191230058,1,38.61411702468229,94
2026-02-22 21:00:00,21,6,31.3653969670336,0,30.905815865671652,69
2026-02-22 22:00:00,22,6,26.104038673029564,1,50.2479705151063,78
2026-02-22 23:00:00,23,6,28.218438595291904,0,39.36858760687102,73
2026-02-23 00:00:00,0,0,27.192202512352488,1,35.48645859040488,62
2026-02-23 01:00:00,1,0,25.842645977121304,0,47.83912504642285,68
2026-02-23 02:00:00,2,0,28.971820058077782,1,27.99705548493039,58
2026-02-23 03:00:00,3,0,28.13756168572791,0,75.66474398452443,79
2026-02-23 04:00:00,4,0,27.512568470885338,0,72.06212587515435,77
2026-02-23 05:00:00,5,0,26.086153513278628,0,62.45723514443212,78
2026-02-23 06:00:00,6,0,30.278098683131823,0,26.37282965530737,60
2026-02-23 07:00:00,7,0,35.61446907396914,0,66.55263526818158,99
2026-02-23 08:00:00,8,0,29.55954893135651,0,68.47743968654115,100
2026-02-23 09:00:00,9,0,32.98447285964451,0,66.06587706286027,107
2026-02-23 10:00:00,10,0,23.43911229938615,0,26.837953227154472,59
2026-02-23 11:00:00,11,0,29.631045757175077,0,58.634477424065885,68
2026-02-23 12:00:00,12,0,24.610526724115733,0,70.05948774496392,79
2026-02-23 13:00:00,13,0,23.092300289872394,0,54.64120407318006,67
2026-02-23 14:00:00,14,0,26.042514370163854,0,58.78444251368534,80
2026-02-23 15:00:00,15,0,33.767597337654294,0,47.501808765578375,67
2026-02-23 16:00:00,16,0,32.80006331467858,0,51.72243919304316,67
2026-02-23 17:00:00,17,0,29.972018888217598,0,22.06261150110351,81
2026-02-23 18:00:00,18,0,22.869197760440276,0,58.33778131839708,101
2026-02-23 19:00:00,19,0,28.21487739444825,1,24.88683277346955,89
2026-02-23 20:00:00,20,0,30.206800035606943,0,46.10087566041341,90
2026-02-23 21:00:00,21,0,29.702144918314392,0,37.55930586004447,73
2026-02-23 22:00:00,22,0,21.624825666077015,0,52.72567701270278,66
2026-02-23 23:00:00,23,0,25.438728607920513,0,28.004980131392426,61
2026-02-24 00:00:00,0,1,28.743688943405132,0,61.49860411839909,77
2026-02-24 01:00:00,1,1,31.14516363806876,0,67.70069221570822,68
2026-02-24 02:00:00,2,1,20.215488715600216,0,29.80126698458939,64
2026-02-24 03:00:00,3,1,28.351504098080568,0,26.258785241112932,55
2026-02-24 04:00:00,4,1,29.572195079515808,0,28.73092896724155,65
2026-02-24 05:00:00,5,1,32.39844795406485,0,72.6276537139101,74
2026-02-24 06:00:00,6,1,31.77143033694975,0,51.69135570538137,74
2026-02-24 07:00:00,7,1,31.33028527523522,0,48.03565976045016,94
2026-02-24 08:00:00,8,1,25.800237973192264,1,26.402709146141255,89
2026-02-24 09:00:00,9,1,21.367991451506768,0,58.97336040541771,94
2026-02-24 10:00:00,10,1,27.427788971754396,0,72.07997551370539,77
2026-02-24 11:00:00,11,1,33.00652730083424,1,69.69115215940718,79
